SEX,AGE,BODYWEIGHT,SQUAT,BENCH,DEADLIFT,TIER
1,45.0,137.6,327.5,205.0,285.0,Advanced
0,42.5,47.5,167.8,95.2,161.0,Elite
1,17.5,78.4,135.0,80.0,150.0,Novice
1,37.0,88.4,142.5,92.5,162.5,Novice
0,14.5,71.5,70.0,40.0,95.0,Novice
1,27.0,72.6,120.2,115.7,192.8,Intermediate
1,40.0,95.7,275.0,170.0,275.0,Advanced
1,64.0,102.8,207.5,92.5,220.0,Intermediate
1,28.0,128.0,325.0,220.0,355.0,Elite
0,46.0,74.7,65.0,52.5,87.5,Beginner
1,25.0,88.8,205.0,125.0,225.0,Intermediate
0,25.5,74.4,195.0,125.0,207.5,Elite
1,22.5,64.9,162.5,122.5,205.0,Intermediate
1,26.0,98.5,332.5,207.5,327.5,Elite
0,32.0,94.2,65.0,52.5,82.5,Beginner
1,31.5,124.8,399.2,274.4,326.6,Elite
1,41.0,89.0,360.0,250.0,290.0,Elite
1,18.5,91.8,175.0,105.0,232.5,Intermediate
0,17.5,85.8,90.0,55.0,132.5,Novice
0,52.0,72.8,57.5,47.5,80.0,Beginner
1,31.0,96.1,247.5,187.5,260.0,Advanced
1,43.0,162.5,325.0,242.5,342.5,Advanced
1,47.0,135.3,330.0,170.0,305.0,Advanced
1,22.0,96.0,290.0,195.0,420.5,Elite
1,27.5,104.3,325.0,207.5,305.0,Elite
1,29.0,104.6,147.5,120.0,207.5,Novice
1,37.0,108.7,365.0,305.0,285.0,Elite
1,57.5,57.7,220.0,175.0,210.0,Elite
1,28.0,99.2,337.5,207.5,320.0,Elite
0,43.5,66.4,212.5,140.0,200.0,Elite
1,27.5,102.9,307.5,175.0,340.0,Advanced
1,29.0,111.7,192.5,140.0,227.5,Intermediate
0,37.5,51.0,162.5,100.0,160.0,Elite
1,32.0,91.0,227.5,227.5,232.5,Advanced
1,62.0,73.9,92.5,60.0,125.0,Beginner
0,21.0,59.3,92.5,50.0,120.0,Novice
1,23.0,72.8,142.5,82.5,132.5,Novice
0,14.0,40.7,68.0,36.3,90.7,Novice
1,25.5,80.2,205.0,140.0,250.0,Advanced
1,20.5,88.9,80.0,72.5,130.0,Beginner
1,42.0,99.9,419.6,260.8,294.8,Elite
1,16.5,65.4,137.5,67.5,135.0,Novice
0,21.5,78.1,202.5,120.0,222.5,Elite
0,25.0,83.6,112.5,80.0,147.5,Intermediate
1,24.5,97.3,272.5,140.0,260.0,Advanced
0,26.0,61.7,100.0,55.0,112.5,Novice
0,23.5,98.0,110.0,52.5,142.5,Novice
1,55.5,85.4,145.0,97.5,175.0,Novice
1,28.5,56.3,135.0,95.0,155.0,Intermediate
1,25.5,73.7,220.0,165.0,267.5,Advanced
1,21.0,89.6,192.5,117.5,215.0,Intermediate
0,48.0,86.6,137.5,60.0,137.5,Novice
1,33.0,67.2,230.0,137.5,240.5,Advanced
0,28.5,71.5,192.5,155.0,210.0,Elite
0,47.5,94.8,110.0,72.5,127.5,Novice
1,37.5,81.1,185.0,117.5,210.0,Intermediate
0,50.0,84.5,62.5,37.5,115.0,Beginner
0,48.0,65.7,92.5,57.5,125.0,Novice
0,33.5,62.7,87.5,45.0,107.5,Novice
1,28.0,99.6,260.0,202.5,290.0,Advanced
1,25.0,89.4,207.5,130.0,225.0,Intermediate
0,25.0,81.8,90.0,42.5,107.5,Novice
0,23.0,69.8,102.5,60.0,125.0,Novice
1,74.0,70.7,70.0,50.0,110.0,Beginner
1,28.0,88.9,222.3,129.3,247.2,Intermediate
1,22.5,103.8,152.5,102.5,192.5,Novice
0,65.5,92.5,100.5,65.0,120.0,Novice
1,25.5,72.2,235.0,157.5,270.0,Advanced
1,20.5,102.1,345.0,242.5,280.0,Elite
1,70.0,88.0,40.0,150.0,65.0,Beginner
1,15.0,82.5,102.1,83.9,122.5,Novice
1,45.0,89.7,205.0,147.5,217.5,Intermediate
1,44.5,97.9,226.8,136.1,204.1,Intermediate
1,17.5,66.0,20.4,127.0,20.4,Beginner
1,36.5,72.6,170.1,140.6,172.4,Intermediate
1,30.5,102.3,337.5,197.5,312.5,Elite
0,28.5,67.6,120.0,72.5,162.5,Intermediate
0,34.5,55.4,67.5,35.0,95.0,Novice
0,25.0,64.3,77.5,47.5,117.5,Novice
1,46.0,99.8,250.0,175.0,295.0,Advanced
1,17.5,102.7,300.0,182.5,300.5,Advanced
0,62.0,86.6,62.5,52.5,80.0,Beginner
0,17.0,94.2,62.5,30.0,95.0,Beginner
0,28.5,70.7,142.5,85.0,157.5,Intermediate
1,22.5,96.5,190.0,120.0,242.5,Intermediate
0,42.0,71.6,70.0,40.0,87.5,Beginner
1,18.5,70.7,142.5,90.0,192.5,Intermediate
1,35.0,131.7,237.5,175.0,300.0,Advanced
1,17.5,90.2,230.0,130.0,245.0,Intermediate
1,27.0,59.2,177.5,102.5,187.5,Advanced
1,24.5,82.6,235.0,187.5,295.0,Advanced
1,15.0,82.5,97.5,87.5,107.5,Beginner
0,61.5,75.7,55.0,35.0,92.5,Beginner
1,27.0,108.5,312.5,192.5,342.5,Elite
1,28.5,65.2,175.0,115.0,227.5,Advanced
0,28.5,79.7,107.5,60.0,142.5,Novice
1,31.0,138.8,165.0,120.0,232.5,Novice
1,65.5,61.7,75.0,45.0,110.0,Beginner
1,21.5,73.4,247.5,137.5,275.0,Advanced
1,14.0,78.2,150.0,82.5,182.5,Novice
0,46.0,52.7,110.0,80.0,142.5,Advanced
1,35.0,99.2,205.0,175.0,250.0,Intermediate
1,26.0,74.1,220.0,165.0,235.0,Advanced
1,37.0,106.8,230.0,185.0,272.5,Advanced
1,16.0,104.0,170.0,112.5,185.0,Novice
1,15.5,89.8,110.0,72.5,112.5,Beginner
0,20.5,75.2,62.5,32.5,87.5,Beginner
1,18.5,99.6,242.5,165.0,280.0,Advanced
0,62.0,57.6,52.5,32.5,77.5,Beginner
1,26.0,93.7,227.5,147.5,245.0,Intermediate
0,15.5,68.3,95.0,50.0,100.0,Novice
1,18.5,82.5,302.5,250.0,262.5,Elite
1,19.0,136.1,220.0,160.0,275.0,Intermediate
1,55.0,149.8,87.5,105.0,137.5,Beginner
1,15.5,72.7,85.0,60.0,122.5,Beginner
0,17.5,45.5,65.0,35.0,87.5,Novice
0,45.0,66.0,127.5,87.5,140.0,Intermediate
0,14.5,106.6,45.4,54.4,106.6,Beginner
0,36.0,92.9,70.0,52.5,82.5,Beginner
1,29.0,108.1,255.0,200.0,247.5,Advanced
1,51.5,82.7,257.5,130.0,270.0,Advanced
1,19.5,103.8,370.0,260.0,317.5,Elite
1,32.5,82.8,350.0,250.0,307.5,Elite
1,16.0,57.6,62.5,62.5,110.0,Novice
0,14.5,95.4,60.0,52.5,115.0,Beginner
0,24.5,100.2,240.0,205.0,202.5,Elite
1,49.0,89.8,337.5,232.5,272.5,Elite
0,40.5,59.7,83.9,52.2,163.3,Intermediate
1,35.0,99.0,310.0,218.0,337.5,Elite
0,18.0,97.5,105.0,62.5,117.5,Novice
1,31.5,67.0,245.0,185.0,285.0,Elite
0,64.0,88.6,43.1,38.6,93.0,Beginner
1,21.5,84.6,222.5,160.0,242.5,Advanced
1,31.5,63.1,265.0,200.0,267.5,Elite
1,52.0,65.6,102.5,80.0,132.5,Novice
1,77.0,81.0,92.5,65.0,135.0,Beginner
0,36.5,79.5,105.0,50.0,147.5,Novice
1,78.0,94.4,110.0,70.0,152.5,Novice
1,22.5,73.8,205.0,130.0,260.0,Advanced
0,20.5,42.0,20.4,18.1,34.0,Beginner
1,23.5,91.6,240.0,180.0,280.0,Advanced
0,43.5,78.8,77.5,40.0,60.0,Beginner
0,30.0,64.4,185.0,120.0,197.5,Elite
0,33.0,66.7,52.5,40.0,87.5,Beginner
0,24.0,54.6,87.5,47.5,107.5,Novice
0,37.5,56.5,222.5,100.0,195.0,Elite
1,20.5,71.2,142.5,100.0,167.5,Intermediate
0,16.5,51.7,135.0,62.5,135.0,Advanced
1,31.0,90.0,147.5,90.0,187.5,Novice
0,24.0,66.4,145.0,72.5,157.5,Intermediate
1,34.0,139.8,337.5,220.0,350.0,Elite
0,43.0,66.1,170.0,132.5,212.5,Elite
1,32.0,81.5,302.5,182.5,242.5,Advanced
0,25.0,59.6,205.0,115.0,190.0,Elite
1,17.5,109.2,165.0,105.0,205.0,Novice
1,22.0,65.7,242.5,165.0,270.0,Elite
1,19.5,91.5,275.0,160.0,265.0,Advanced
0,49.5,59.5,62.5,35.0,80.0,Beginner
1,17.0,75.0,102.1,83.9,142.9,Novice
1,13.0,58.6,80.0,40.0,87.5,Beginner
0,14.0,68.8,95.0,50.0,110.0,Novice
0,24.0,85.1,110.0,57.5,115.0,Novice
1,46.5,104.4,300.0,235.0,260.0,Advanced
1,37.0,108.6,312.5,235.0,320.0,Elite
1,16.5,79.0,65.0,57.5,90.0,Beginner
1,36.5,74.2,72.5,75.0,107.5,Beginner
1,28.5,67.2,280.0,177.5,275.0,Elite
1,22.5,77.1,197.5,132.5,260.0,Advanced
1,25.5,96.4,270.0,180.0,297.5,Advanced
0,41.5,57.9,75.0,52.5,102.5,Novice
0,65.0,70.5,52.5,32.5,77.5,Beginner
1,38.5,89.8,265.0,170.0,272.5,Advanced
0,14.5,50.7,65.0,42.5,85.0,Novice
1,28.0,87.4,182.5,137.5,245.0,Intermediate
1,20.0,70.1,85.0,75.0,95.0,Beginner
1,15.0,55.9,65.0,50.0,102.5,Beginner
1,34.0,88.3,237.5,155.0,267.5,Advanced
0,22.0,67.5,145.0,80.0,142.5,Intermediate
1,14.0,60.6,82.5,55.0,127.5,Novice
1,32.0,134.7,378.8,249.5,328.8,Elite
1,15.5,76.0,62.5,42.5,97.5,Beginner
0,26.5,69.9,110.0,55.0,112.5,Novice
1,64.5,68.4,75.0,67.5,115.0,Beginner
0,46.5,69.7,60.0,40.0,87.5,Beginner
1,45.0,140.0,390.0,320.5,282.5,Elite
1,20.0,99.9,227.5,157.5,255.0,Intermediate
1,24.0,88.6,235.0,185.0,272.5,Advanced
0,17.5,67.2,100.0,45.0,105.0,Novice
1,19.0,98.7,287.5,182.5,257.5,Advanced
1,35.5,92.8,327.5,260.0,305.0,Elite
1,17.5,88.8,137.5,95.0,185.0,Novice
0,14.0,122.1,177.5,77.5,172.5,Intermediate
1,29.5,119.8,370.0,300.0,315.0,Elite
1,22.5,57.4,220.0,140.0,240.0,Elite
1,41.0,95.9,222.5,165.0,302.5,Advanced
0,73.0,63.5,50.0,45.0,85.0,Beginner
1,23.0,90.0,230.0,125.0,272.5,Advanced
1,17.0,80.8,85.0,62.5,145.0,Beginner
1,37.0,81.1,195.0,150.0,235.0,Intermediate
1,56.0,108.4,152.5,142.5,207.5,Novice
1,25.0,97.0,260.0,167.5,300.0,Advanced
1,29.0,75.0,162.5,120.0,182.5,Intermediate
1,18.0,95.9,157.5,105.0,200.0,Novice
1,24.0,75.3,117.5,85.0,145.0,Novice
1,33.0,96.2,242.7,199.6,267.6,Advanced
1,21.5,101.2,225.0,181.0,275.0,Advanced
0,72.5,59.0,35.0,25.0,87.5,Beginner
1,23.0,89.4,192.5,152.5,222.5,Intermediate
1,14.0,116.8,150.0,130.0,190.0,Novice
1,46.0,85.6,160.0,145.0,182.5,Intermediate
0,34.5,76.5,62.5,35.0,92.5,Beginner
1,26.5,90.1,227.5,145.0,280.0,Advanced
1,35.5,73.3,185.0,132.5,217.5,Intermediate
1,26.5,118.8,377.5,305.0,315.0,Elite
0,65.0,80.7,80.0,35.0,92.5,Beginner
1,32.0,55.0,92.5,47.5,102.5,Novice
0,36.5,59.8,177.5,92.5,180.0,Elite
0,30.0,52.3,80.0,52.5,105.0,Novice
1,39.0,107.3,410.0,280.0,320.0,Elite
1,75.0,82.5,62.5,87.5,105.0,Beginner
1,27.5,73.2,310.0,207.5,325.0,Elite
1,26.0,81.0,210.0,145.0,250.0,Advanced
1,22.5,84.5,192.5,130.0,227.5,Intermediate
0,48.5,90.0,125.0,75.0,140.0,Novice
0,15.5,94.0,65.0,42.5,77.5,Beginner
0,16.0,70.6,92.5,47.5,132.5,Novice
0,65.0,81.8,70.0,45.0,97.5,Beginner
1,14.5,43.9,55.0,35.0,70.0,Beginner
0,28.0,86.6,237.5,107.5,245.0,Elite
1,28.5,58.9,210.0,140.0,240.0,Elite
1,23.5,78.4,250.0,185.0,232.5,Advanced
0,26.5,62.4,105.0,57.5,100.0,Novice
0,21.0,64.7,110.0,65.0,155.0,Intermediate
1,37.0,108.5,272.5,227.5,307.5,Advanced
1,26.0,108.9,319.8,204.1,301.6,Advanced
1,30.0,86.9,240.0,150.0,275.0,Advanced
1,48.0,74.3,307.5,190.0,272.5,Elite
1,23.5,91.2,305.0,182.5,320.0,Elite
1,32.0,108.9,295.0,205.0,350.0,Elite
1,26.0,162.6,400.5,227.5,340.0,Elite
1,31.5,73.6,182.5,132.5,215.0,Intermediate
1,24.5,82.2,255.0,160.0,275.0,Advanced
1,56.0,57.3,142.5,105.0,165.0,Intermediate
1,11.5,68.9,57.5,42.5,97.5,Beginner
1,26.5,92.8,135.0,105.0,182.5,Novice
1,53.5,82.4,147.4,90.7,192.8,Novice
0,20.5,83.4,245.0,157.5,207.5,Elite
0,16.5,51.6,140.0,47.5,132.5,Advanced
1,22.5,81.5,262.5,157.5,310.0,Advanced
1,20.5,91.4,172.5,125.0,255.0,Intermediate
1,30.0,67.4,177.5,115.0,230.0,Advanced
1,11.5,88.3,70.3,56.7,106.6,Beginner
1,28.0,59.3,210.0,127.5,260.0,Elite
1,25.5,82.5,217.5,122.5,227.5,Intermediate
1,29.0,103.8,255.0,190.0,275.0,Advanced
1,24.5,91.9,240.0,170.0,287.5,Advanced
0,26.0,56.4,67.5,37.5,102.5,Novice
1,71.5,82.4,105.0,117.5,160.0,Novice
0,44.5,62.1,160.0,90.0,160.0,Advanced
0,33.0,86.8,227.5,145.0,182.5,Advanced
1,20.0,97.4,227.5,180.0,252.5,Advanced
0,72.0,64.0,40.0,35.0,65.0,Beginner
1,47.0,98.8,150.0,110.0,215.0,Novice
1,22.0,145.5,250.0,182.5,300.0,Advanced
1,25.5,73.6,330.0,220.0,285.0,Elite
1,21.5,118.4,320.0,195.0,265.0,Advanced
0,64.5,51.8,57.5,40.0,92.5,Novice
1,16.5,80.8,77.5,65.0,105.0,Beginner
1,32.0,98.0,249.5,195.0,240.4,Advanced
1,31.0,85.3,197.5,145.0,207.5,Intermediate
1,30.0,82.1,152.5,105.0,187.5,Novice
0,61.0,62.6,60.0,35.0,80.0,Beginner
1,15.5,72.3,117.5,82.5,162.5,Novice
0,30.5,51.6,162.5,95.0,177.5,Elite
0,30.0,66.0,102.1,74.8,140.6,Intermediate
1,36.0,64.7,260.0,167.5,230.0,Elite
1,26.0,74.5,242.5,165.0,305.0,Elite
1,38.5,59.9,265.0,145.0,247.5,Elite
1,30.5,77.1,122.5,102.5,185.0,Novice
0,21.5,61.4,190.0,97.5,180.0,Elite
1,23.0,79.8,220.0,170.0,255.0,Advanced
1,23.0,96.8,315.0,180.0,320.0,Elite
1,33.5,58.5,227.5,171.0,271.0,Elite
0,18.5,92.7,155.0,105.0,162.5,Intermediate
0,37.5,76.5,65.0,45.0,92.5,Beginner
0,24.5,51.0,97.5,62.5,130.0,Intermediate
1,15.0,67.5,63.5,52.2,113.4,Beginner
1,31.0,109.8,345.0,247.5,327.5,Elite
0,15.0,49.1,57.5,32.5,57.5,Beginner
1,24.0,124.2,327.5,227.5,345.0,Elite
0,38.0,102.5,142.5,40.0,160.0,Novice
1,22.0,74.6,262.5,127.5,290.0,Advanced
1,68.0,72.1,59.0,40.8,90.7,Beginner
0,35.5,65.2,172.5,107.5,230.0,Elite
0,20.5,70.1,145.0,70.0,142.5,Intermediate
1,29.0,99.1,270.0,167.5,265.0,Advanced
1,18.5,58.6,162.5,105.0,180.5,Intermediate
0,23.5,50.5,150.0,92.5,150.0,Elite
0,61.0,59.6,157.5,80.0,182.5,Advanced
1,26.0,89.8,245.0,137.5,182.5,Intermediate
0,20.5,61.4,90.0,55.0,112.5,Novice
0,45.0,91.2,97.5,56.7,120.2,Novice
0,40.0,90.0,265.0,160.0,227.5,Elite
1,29.5,101.0,242.5,182.5,322.5,Advanced
0,30.0,58.2,80.0,57.5,92.5,Novice
0,20.5,55.4,70.0,40.0,110.0,Novice
1,19.5,93.0,360.0,247.5,310.0,Elite
1,20.0,99.0,285.0,142.5,297.5,Advanced
0,51.5,56.6,90.0,60.0,142.5,Intermediate
1,57.0,83.4,130.0,125.0,155.0,Novice
0,27.0,60.6,65.0,35.0,100.0,Novice
0,21.5,62.4,190.0,145.5,172.5,Elite
0,41.0,58.0,90.0,35.0,110.0,Novice
0,42.0,58.6,92.5,57.5,120.0,Intermediate
1,23.0,93.2,249.5,192.8,260.8,Advanced
1,18.5,89.9,190.0,120.0,220.0,Intermediate
1,24.5,103.4,200.0,155.0,252.5,Intermediate
1,31.0,90.0,187.5,147.5,222.5,Intermediate
1,50.0,85.8,70.0,100.0,100.0,Beginner
0,19.0,51.7,137.5,67.5,125.0,Advanced
0,25.5,62.2,137.5,75.0,165.0,Advanced
1,26.5,92.0,277.5,160.0,275.0,Advanced
1,18.0,74.7,187.5,102.5,220.0,Intermediate
0,27.0,88.4,139.9,75.0,139.9,Intermediate
1,27.0,118.8,172.5,160.0,235.0,Intermediate
1,22.0,72.0,265.0,165.0,282.5,Elite
0,23.5,66.3,60.0,30.0,70.0,Beginner
1,29.0,98.3,292.5,180.0,345.0,Elite
1,25.5,84.7,65.0,65.0,65.0,Beginner
0,42.0,104.3,67.5,52.5,110.0,Beginner
1,24.0,94.0,320.0,197.5,287.5,Elite
1,43.0,111.3,152.5,135.0,227.5,Intermediate
1,17.5,104.4,325.0,205.0,310.0,Elite
0,49.0,80.7,187.5,60.0,205.0,Advanced
1,19.0,108.0,157.5,107.5,182.5,Novice
1,23.0,88.1,197.5,147.5,282.5,Advanced
1,14.0,53.6,52.5,42.5,72.5,Beginner
0,72.0,59.4,52.5,37.5,80.0,Beginner
1,39.0,99.1,182.5,120.0,210.0,Intermediate
1,19.5,92.4,125.0,87.5,185.0,Novice
1,51.5,104.3,65.0,65.0,75.0,Beginner
1,47.5,73.0,130.0,105.0,152.5,Novice
1,20.5,58.2,167.5,125.0,175.0,Advanced
0,22.0,55.8,142.5,70.0,170.0,Advanced
0,25.5,56.8,125.0,77.5,142.5,Advanced
1,47.0,82.1,290.0,152.5,255.0,Advanced
1,74.5,91.5,102.5,77.5,95.0,Beginner
1,18.0,103.6,187.5,112.5,205.0,Intermediate
0,41.0,59.6,92.5,47.5,105.0,Novice
1,34.0,74.5,280.0,182.5,232.5,Advanced
1,14.0,83.4,75.0,57.5,127.5,Beginner
1,35.0,80.8,127.5,110.0,182.5,Novice
0,30.5,67.2,70.0,40.0,80.0,Beginner
1,35.0,89.4,272.5,170.0,282.5,Advanced
1,36.0,124.7,327.5,210.0,327.5,Advanced
1,34.5,103.3,260.0,145.0,245.0,Intermediate
1,21.0,90.0,202.5,172.5,205.0,Intermediate
1,25.0,126.2,300.0,197.5,320.0,Advanced
1,50.0,107.5,183.7,138.4,206.4,Intermediate
1,42.5,82.2,87.5,65.0,125.0,Beginner
1,23.5,103.0,227.5,155.0,255.0,Intermediate
1,25.5,91.6,230.0,172.5,292.5,Advanced
1,20.5,133.7,297.5,187.5,322.5,Advanced
1,25.5,92.8,337.5,275.0,342.5,Elite
0,36.5,56.6,117.5,87.5,145.0,Advanced
1,22.0,95.7,252.5,150.0,327.5,Advanced
0,23.0,65.9,65.0,30.0,95.0,Beginner
1,18.0,170.3,250.0,172.5,245.0,Intermediate
0,28.5,77.5,70.0,55.0,77.5,Beginner
1,44.5,65.8,250.0,155.0,270.0,Elite
0,12.5,77.3,55.0,35.0,102.5,Beginner
1,31.0,109.4,275.0,145.0,265.0,Advanced
1,27.0,128.4,310.0,185.0,310.0,Advanced
1,27.0,108.3,300.0,182.5,327.5,Advanced
1,26.5,103.0,310.0,200.0,315.0,Advanced
1,22.0,87.4,222.5,130.0,260.0,Intermediate
1,21.0,67.5,230.0,142.5,282.5,Elite
1,25.5,86.9,302.5,217.5,312.5,Elite
0,23.0,62.7,170.5,110.0,185.5,Elite
1,78.0,90.1,90.0,50.0,107.5,Beginner
0,25.0,82.4,260.0,132.5,185.0,Elite
1,40.5,119.3,380.0,290.0,340.0,Elite
1,26.0,87.8,282.5,205.0,230.0,Advanced
1,35.0,89.4,272.5,170.0,282.5,Advanced
1,22.0,73.1,170.0,115.0,215.0,Intermediate
0,25.0,55.7,82.5,45.0,107.5,Novice
1,26.0,129.4,300.0,240.0,300.0,Advanced
1,24.0,80.3,212.5,142.5,237.5,Advanced
1,59.0,103.7,142.5,92.5,187.5,Novice
1,38.0,82.0,260.0,162.5,267.5,Advanced
1,34.5,120.0,220.0,120.0,240.0,Intermediate
1,23.0,110.0,257.5,167.5,305.0,Advanced
1,23.5,78.0,294.8,210.9,256.3,Elite
1,28.5,110.0,185.0,110.0,175.0,Novice
0,27.5,62.9,170.0,102.5,202.5,Elite
1,30.0,122.8,217.5,115.0,225.0,Intermediate
0,16.0,49.0,25.0,37.5,70.0,Beginner
0,26.5,50.7,182.5,115.0,185.0,Elite
1,32.5,92.8,345.0,250.5,357.5,Elite
1,34.0,88.2,195.0,155.0,232.5,Intermediate
0,28.0,65.5,137.5,60.0,187.5,Advanced
0,36.5,85.4,77.5,45.0,105.0,Novice
1,22.0,105.9,357.5,207.5,345.0,Elite
1,30.5,104.7,400.0,295.0,352.5,Elite
1,17.5,71.5,147.5,70.0,150.0,Novice
1,24.0,98.6,207.5,162.5,272.5,Intermediate
0,40.5,93.9,100.0,60.0,130.0,Novice
1,24.5,81.4,140.0,72.5,137.5,Novice
1,62.0,75.4,75.0,75.0,75.0,Beginner
0,28.5,70.4,215.0,120.0,185.0,Elite
1,40.0,122.9,233.6,215.5,254.0,Advanced
0,35.5,66.5,105.0,47.5,132.5,Novice
1,27.0,109.8,265.4,158.8,265.4,Advanced
1,32.0,71.6,85.0,70.0,105.0,Beginner
0,37.0,56.0,112.5,70.0,137.5,Intermediate
1,25.5,78.4,185.0,135.0,187.5,Intermediate
1,17.5,119.2,127.5,72.5,140.0,Beginner
1,44.0,89.3,265.0,165.0,215.0,Advanced
1,25.0,107.1,182.5,185.0,245.0,Intermediate
1,26.5,72.4,300.0,205.0,275.0,Elite
1,25.0,108.8,95.0,67.5,137.5,Beginner
1,37.0,137.0,210.0,140.0,210.0,Intermediate
0,11.5,50.8,52.5,30.0,72.5,Beginner
0,47.5,60.7,92.5,60.0,105.0,Novice
0,43.0,65.4,132.5,82.5,175.0,Advanced
1,24.0,78.9,227.5,155.0,272.5,Advanced
1,38.0,73.8,200.0,137.5,222.5,Advanced
1,60.5,58.7,60.0,80.0,100.0,Novice
0,50.0,71.5,65.0,37.5,92.5,Beginner
1,50.5,96.9,310.0,245.0,262.5,Elite
0,48.0,73.1,135.0,87.5,157.5,Intermediate
1,15.5,87.5,90.0,62.5,115.0,Beginner
1,16.5,63.4,100.0,52.5,130.0,Novice
0,68.5,82.7,82.5,32.5,102.5,Beginner
0,20.0,85.3,120.0,52.5,127.5,Novice
1,22.0,96.3,205.0,150.0,245.0,Intermediate
1,32.5,64.2,185.0,130.0,220.0,Advanced
0,47.0,149.3,107.5,77.5,142.5,Novice
0,71.0,80.1,55.0,40.0,75.0,Beginner
0,16.5,52.0,147.5,95.0,135.0,Advanced
1,21.0,118.6,308.4,163.3,274.4,Advanced
0,20.5,56.9,127.5,60.0,140.0,Intermediate
1,34.5,100.6,97.5,77.5,150.0,Beginner
0,25.5,59.9,187.5,105.0,185.0,Elite
0,17.5,60.9,60.0,37.5,82.5,Beginner
1,30.0,149.3,320.0,205.0,315.0,Advanced
1,30.0,125.2,277.5,185.0,317.5,Advanced
1,16.5,69.9,170.0,115.0,180.0,Intermediate
1,23.0,99.6,265.0,175.0,260.0,Advanced
1,27.5,92.2,330.0,212.5,282.5,Elite
1,17.5,81.6,130.0,90.0,177.5,Novice
0,29.0,72.4,112.5,62.5,125.0,Novice
0,51.5,84.4,67.5,40.0,95.0,Beginner
0,24.5,52.0,85.0,50.0,127.5,Intermediate
1,21.5,91.8,180.0,100.0,200.0,Intermediate
1,40.0,158.9,347.5,227.5,295.0,Advanced
1,30.5,73.9,285.0,210.0,305.0,Elite
1,33.0,91.6,225.0,177.5,237.5,Advanced
1,63.5,120.4,75.0,45.0,102.5,Beginner
1,17.0,70.1,77.5,77.5,107.5,Beginner
1,21.0,69.4,175.0,132.5,210.0,Intermediate
0,24.0,76.3,42.5,37.5,97.5,Beginner
0,37.0,85.7,62.5,50.0,100.0,Beginner
0,21.5,56.0,120.0,57.5,142.5,Intermediate
0,51.5,84.4,67.5,40.0,95.0,Beginner
0,23.5,63.3,105.0,65.0,152.5,Intermediate
1,34.5,102.3,142.5,92.5,175.0,Novice
1,27.0,99.1,237.5,150.0,282.5,Advanced
0,17.0,66.9,85.0,45.0,137.5,Novice
1,20.0,66.8,237.5,137.5,277.5,Elite
0,46.0,82.2,75.0,45.0,87.5,Beginner
0,24.5,82.2,167.5,90.0,200.0,Advanced
0,20.0,63.3,100.0,50.0,112.5,Novice
0,29.0,82.9,120.0,82.5,117.5,Novice
1,21.5,102.3,250.0,145.0,250.0,Intermediate
0,21.0,75.5,117.5,55.0,130.0,Novice
1,37.0,97.1,175.0,115.0,165.0,Novice
1,15.0,125.0,70.3,65.8,120.2,Beginner
0,41.0,81.4,100.0,70.0,140.0,Novice
0,29.0,73.1,102.5,50.0,127.5,Novice
1,30.5,126.0,380.0,325.0,320.0,Elite
1,18.5,107.4,185.0,90.0,197.5,Novice
0,20.0,79.1,130.0,57.5,145.0,Intermediate
1,39.0,98.8,322.5,245.0,285.0,Elite
1,26.0,73.5,147.5,107.5,205.0,Intermediate
1,36.0,66.8,185.0,125.0,202.5,Intermediate
1,15.5,89.3,110.0,70.0,100.0,Beginner
1,18.5,52.5,192.5,157.5,197.5,Elite
1,23.5,89.7,345.0,240.0,302.5,Elite
0,27.0,125.6,147.4,72.6,113.4,Novice
0,24.0,70.2,99.8,47.6,145.2,Novice
0,24.5,56.2,155.0,85.0,180.0,Advanced
1,24.0,109.0,337.5,192.5,317.5,Elite
1,25.5,83.0,350.0,230.0,322.5,Elite
1,26.5,59.7,267.5,190.0,272.5,Elite
0,25.0,65.4,92.5,65.0,102.5,Novice
1,19.0,81.2,190.0,110.0,217.5,Intermediate
1,14.5,101.4,108.9,54.4,122.5,Beginner
1,29.5,104.4,345.0,230.0,335.0,Elite
0,28.5,108.7,182.5,105.0,205.0,Advanced
0,37.5,70.6,117.5,52.5,120.0,Novice
1,25.5,66.7,260.0,162.5,275.0,Elite
1,54.0,95.1,185.0,125.0,190.0,Intermediate
1,14.5,65.4,77.5,60.0,105.0,Beginner
0,56.5,71.0,92.5,55.0,137.5,Novice
1,49.0,99.4,332.5,237.5,257.5,Elite
0,12.5,58.4,50.0,30.0,77.5,Beginner
0,42.0,67.1,92.5,47.5,110.0,Novice
1,24.0,79.2,150.0,80.0,162.5,Novice
1,31.0,162.9,400.0,237.5,380.0,Elite
0,30.5,103.3,127.5,72.5,135.0,Novice
1,65.0,77.2,140.0,92.5,190.0,Novice
1,28.5,119.5,380.0,240.0,340.0,Elite
1,34.0,149.2,457.5,335.0,300.0,Elite
1,29.0,89.8,227.5,167.5,250.0,Advanced
0,24.0,67.4,102.5,52.5,120.0,Novice
1,11.5,72.3,13.6,9.1,15.9,Beginner
1,16.5,72.0,115.0,100.0,150.0,Novice
1,51.0,105.2,337.5,220.0,292.5,Elite
1,48.0,116.5,322.5,250.0,292.5,Elite
1,33.5,89.1,335.0,192.5,335.0,Elite
1,25.0,89.4,240.0,167.5,245.0,Advanced
0,29.0,73.9,157.5,110.0,160.0,Advanced
0,25.0,60.0,137.5,70.0,142.5,Intermediate
0,41.0,65.8,122.5,65.0,160.0,Intermediate
0,25.5,103.7,165.0,92.5,162.5,Intermediate
1,17.0,80.7,180.0,112.5,217.5,Intermediate
1,34.0,81.7,215.0,112.5,230.0,Intermediate
1,61.5,79.0,90.0,70.0,100.0,Beginner
0,44.0,71.1,81.6,65.8,115.7,Novice
1,23.0,89.8,317.5,185.0,327.5,Elite
1,73.0,121.0,80.0,105.0,142.5,Beginner
1,27.0,100.0,250.0,187.5,295.0,Advanced
1,23.0,140.4,327.5,227.5,365.0,Elite
0,15.0,74.9,90.0,32.5,100.0,Novice
1,19.5,105.0,270.0,177.5,292.5,Advanced
1,34.0,111.4,375.0,247.5,320.0,Elite
1,30.0,108.2,272.5,167.5,295.0,Advanced
1,31.5,118.6,280.0,215.0,280.0,Advanced
1,71.5,86.3,67.5,62.5,122.5,Beginner
1,33.5,87.8,310.0,225.0,290.0,Elite
0,20.5,70.8,195.0,115.0,187.5,Advanced
0,27.5,73.4,75.0,40.0,97.5,Novice
1,57.0,108.3,140.0,135.0,212.5,Novice
1,25.5,89.8,335.0,245.0,285.0,Elite
1,22.0,73.6,207.5,135.0,215.0,Advanced
1,62.0,74.2,125.0,80.0,150.0,Novice
0,49.0,98.0,110.0,57.5,130.0,Novice
0,27.0,74.7,80.0,52.5,97.5,Novice
1,28.5,84.6,117.5,90.0,145.0,Novice
0,23.5,80.3,135.0,72.5,160.0,Intermediate
1,42.0,157.4,365.0,240.0,340.0,Elite
0,33.0,81.5,125.0,65.0,155.0,Intermediate
1,39.5,82.7,270.0,187.5,300.0,Elite
0,21.0,47.1,55.0,42.5,125.0,Novice
0,30.0,57.5,85.0,52.5,112.5,Novice
0,20.5,62.4,75.0,40.0,120.0,Novice
1,39.0,89.9,275.0,235.0,275.0,Elite
1,32.0,110.6,317.5,205.0,250.0,Advanced
0,70.0,64.0,55.0,37.5,70.0,Beginner
0,37.5,95.2,50.0,50.0,82.5,Beginner
1,41.5,62.8,85.0,45.0,95.0,Beginner
1,20.0,123.8,244.9,152.0,233.6,Intermediate
1,20.5,92.3,305.0,195.0,320.0,Elite
1,45.0,88.9,197.5,127.5,250.0,Intermediate
1,21.0,102.5,220.0,25.0,65.0,Beginner
0,17.0,66.3,67.5,42.5,100.0,Novice
1,33.0,98.2,217.5,120.0,245.0,Intermediate
1,30.0,123.6,192.5,137.5,220.0,Intermediate
0,31.0,51.8,90.0,42.5,110.0,Intermediate
0,20.0,58.2,82.5,55.0,125.0,Novice
1,21.5,93.0,35.0,92.5,110.0,Beginner
1,21.5,101.4,365.5,252.5,335.0,Elite
0,23.5,55.6,122.5,72.5,145.0,Advanced
0,11.5,45.6,36.3,22.7,45.4,Beginner
1,26.5,82.2,245.0,162.5,260.0,Advanced
0,32.5,103.0,115.0,72.5,135.0,Novice
0,22.0,101.4,130.0,57.5,137.5,Novice
0,34.0,74.4,60.0,40.0,80.0,Beginner
1,19.0,121.4,270.0,185.0,300.0,Advanced
1,20.0,88.3,287.5,180.0,270.0,Advanced
1,16.5,86.8,213.2,104.3,229.1,Intermediate
0,29.0,64.4,177.5,120.0,215.0,Elite
1,21.0,77.0,212.5,152.5,260.0,Advanced
1,36.0,119.8,440.0,295.0,315.0,Elite
1,33.0,111.3,122.5,125.0,182.5,Novice
1,50.0,87.5,170.0,82.5,182.5,Novice
1,27.5,82.9,235.0,150.0,252.5,Advanced
0,10.5,89.1,45.0,40.0,62.5,Beginner
0,32.5,45.4,175.0,101.5,160.0,Elite
1,20.0,93.1,150.0,80.0,170.0,Novice
0,30.5,69.3,80.0,52.5,90.0,Novice
0,57.0,79.6,70.0,45.0,97.5,Beginner
1,30.0,93.9,227.5,140.0,272.5,Advanced
1,12.5,72.6,112.5,65.0,155.0,Novice
1,26.5,81.6,320.0,195.0,300.0,Elite
1,70.0,100.0,102.5,62.5,102.5,Beginner
1,15.5,82.8,160.0,90.0,175.0,Novice
0,12.5,67.8,57.5,37.5,70.0,Beginner
0,58.0,66.4,50.0,32.5,82.5,Beginner
1,19.0,97.1,200.0,147.5,250.0,Intermediate
1,21.5,82.8,210.0,150.0,220.0,Intermediate
1,24.5,82.1,187.5,100.0,260.0,Intermediate
1,39.0,116.8,302.5,215.0,322.5,Advanced
0,38.5,62.8,232.5,170.0,205.0,Elite
0,20.0,72.9,97.5,57.5,107.5,Novice
1,27.0,109.7,320.0,200.0,342.5,Elite
0,26.0,57.8,95.0,57.5,142.5,Intermediate
1,29.0,120.0,308.4,272.2,303.9,Elite
0,29.0,109.4,135.0,60.0,132.5,Novice
0,29.5,66.0,102.5,45.0,137.5,Novice
1,14.5,63.0,110.0,82.5,130.0,Novice
1,26.0,73.5,132.5,92.5,182.5,Novice
0,21.5,51.5,177.5,92.5,162.5,Elite
0,22.5,71.1,120.0,65.0,150.0,Intermediate
1,42.0,96.7,230.0,212.5,255.0,Advanced
0,23.5,62.0,82.5,47.5,112.5,Novice
1,73.0,109.6,102.5,110.0,150.0,Novice
0,20.5,75.4,90.0,50.0,130.0,Novice
0,32.0,50.9,90.0,65.0,125.0,Intermediate
1,32.5,103.2,325.0,215.0,335.0,Elite
1,23.5,82.0,342.5,245.0,312.5,Elite
0,48.5,62.9,187.5,95.0,165.0,Advanced
0,12.5,69.5,67.5,45.0,62.5,Beginner
1,37.0,106.8,182.5,150.0,210.0,Intermediate
0,22.5,68.0,110.0,70.0,127.5,Intermediate
1,37.0,108.0,247.5,200.0,295.0,Advanced
0,20.5,46.9,135.0,80.0,120.0,Advanced
0,70.0,56.8,50.0,30.0,72.5,Beginner
0,52.5,55.8,80.0,42.5,127.5,Novice
0,25.0,107.0,104.3,59.0,127.0,Novice
1,41.0,74.9,197.5,147.5,245.0,Advanced
1,32.0,109.8,62.5,62.5,62.5,Beginner
1,29.5,82.8,242.5,162.5,245.0,Advanced
1,22.0,87.0,200.0,142.5,227.5,Intermediate
0,30.0,59.4,90.0,50.0,117.5,Novice
1,23.5,65.3,155.0,95.0,197.5,Intermediate
1,19.0,92.8,182.5,125.0,215.0,Intermediate
1,13.5,118.0,97.5,72.6,138.4,Beginner
0,28.5,62.6,212.5,112.5,212.5,Elite
0,25.0,66.0,210.0,120.0,170.0,Elite
1,37.0,123.0,250.0,170.0,282.5,Advanced
0,21.0,44.0,102.5,42.5,127.5,Intermediate
0,27.0,66.3,180.0,125.0,195.0,Elite
1,22.5,72.8,160.0,120.0,195.0,Intermediate
1,45.0,64.7,200.5,135.0,210.0,Advanced
1,35.5,119.8,350.0,210.0,355.5,Elite
1,22.0,89.9,210.0,145.0,277.5,Advanced
0,42.0,113.7,35.0,60.0,82.5,Beginner
1,30.0,105.4,207.5,120.0,192.5,Intermediate
0,36.0,58.5,86.2,47.6,117.9,Novice
1,31.0,88.6,197.5,130.0,237.5,Intermediate
0,16.0,61.4,42.5,35.0,52.5,Beginner
0,14.5,46.1,32.5,20.0,55.0,Beginner
0,33.5,62.2,90.0,45.0,127.5,Novice
1,26.0,66.3,182.5,142.5,237.5,Advanced
1,30.0,116.0,247.5,172.5,290.0,Advanced
1,33.0,99.0,312.5,260.0,310.0,Elite
1,16.5,65.1,80.0,60.0,107.5,Beginner
1,19.5,73.6,285.0,165.0,270.0,Elite
0,21.0,106.3,75.0,47.5,112.5,Beginner
1,59.0,121.2,385.0,227.5,272.5,Elite
1,39.0,89.7,242.5,167.5,280.0,Advanced
1,28.0,135.7,205.0,127.5,247.5,Intermediate
1,29.5,74.4,177.5,115.0,232.5,Intermediate
0,31.0,82.5,147.5,82.5,177.5,Intermediate
1,31.0,104.8,207.5,165.0,262.5,Intermediate
1,27.5,91.5,180.0,130.0,212.5,Intermediate
1,23.5,90.1,225.0,140.0,257.5,Intermediate
1,80.0,77.8,65.0,47.5,105.0,Beginner
0,26.5,92.0,65.0,50.0,97.5,Beginner
0,38.5,104.8,102.1,52.2,127.0,Novice
0,68.5,62.8,70.0,42.5,107.5,Novice
1,67.0,94.8,83.9,93.0,136.1,Beginner
0,32.0,88.3,72.5,40.0,110.0,Beginner
0,20.0,72.2,115.0,52.5,130.0,Novice
0,14.0,43.5,42.5,30.0,42.5,Beginner
1,19.5,66.3,150.0,102.5,175.0,Intermediate
1,15.0,90.0,70.3,45.4,68.0,Beginner
0,41.5,60.7,70.0,47.5,40.0,Beginner
0,45.5,97.1,142.5,82.5,160.0,Intermediate
1,38.5,91.2,197.5,140.0,282.5,Intermediate
1,24.5,113.4,102.5,75.0,150.0,Beginner
1,45.0,82.5,317.5,249.5,294.8,Elite
1,27.0,114.9,252.5,132.5,277.5,Intermediate
1,16.0,73.8,75.0,70.0,107.4,Beginner
1,29.0,148.1,462.7,353.8,340.2,Elite
0,40.5,55.4,85.0,42.5,122.5,Novice
1,29.0,66.8,195.0,102.5,203.0,Intermediate
1,36.0,124.1,327.5,102.5,290.0,Advanced
1,27.5,108.8,330.0,240.0,340.0,Elite
0,30.5,81.2,132.5,77.5,140.0,Intermediate
1,46.0,99.5,147.5,117.5,187.5,Novice
0,35.0,59.4,127.5,85.0,175.0,Advanced
1,25.0,98.7,215.0,132.5,262.5,Intermediate
0,16.5,54.7,72.5,37.5,95.0,Novice
1,25.0,90.0,337.9,190.5,292.6,Elite
0,33.5,67.0,187.5,140.0,197.5,Elite
1,26.5,91.7,372.5,287.5,340.0,Elite
0,22.5,46.4,125.5,72.5,140.5,Advanced
0,84.5,89.8,37.5,55.0,90.0,Beginner
1,19.5,91.4,200.0,115.0,225.0,Intermediate
1,11.0,55.3,68.0,52.2,93.0,Beginner
1,31.5,91.2,205.0,167.5,235.0,Intermediate
1,22.0,87.0,217.5,130.0,210.0,Intermediate
0,38.0,78.5,45.0,45.0,97.5,Beginner
0,46.0,88.5,52.5,37.5,90.0,Beginner
1,27.5,85.5,205.0,150.0,247.5,Intermediate
0,42.0,85.8,100.0,65.0,127.5,Novice
0,16.0,65.1,82.5,40.0,102.5,Novice
1,25.0,80.1,185.0,125.0,207.5,Intermediate
0,15.5,63.1,137.5,57.5,140.0,Intermediate
0,13.0,77.1,80.0,42.5,75.0,Beginner
1,48.0,114.8,435.0,252.5,302.5,Elite
1,69.5,58.5,45.0,45.0,95.0,Beginner
0,16.0,51.1,52.5,35.0,70.0,Beginner
0,41.5,52.9,120.0,70.0,145.0,Advanced
1,13.0,47.3,55.0,40.0,70.0,Beginner
0,22.0,47.5,75.0,35.0,115.0,Intermediate
0,39.0,73.8,70.0,37.5,100.0,Beginner
0,22.0,54.8,57.5,40.0,82.5,Novice
1,24.0,99.6,280.0,170.0,287.5,Advanced
1,43.0,138.9,322.5,200.0,322.5,Advanced
1,38.0,126.1,410.0,320.0,277.5,Elite
1,19.0,118.4,350.0,210.0,252.5,Advanced
1,63.0,118.4,115.7,68.0,152.0,Beginner
1,36.0,87.6,25.0,25.0,25.0,Beginner
1,24.0,98.6,282.5,177.5,320.0,Advanced
1,20.5,60.6,25.0,25.0,65.0,Beginner
1,26.0,90.0,340.2,188.2,344.7,Elite
0,13.5,51.6,60.0,30.0,67.5,Beginner
0,27.5,47.2,80.0,40.0,95.0,Novice
1,40.0,121.9,407.5,195.0,290.0,Elite
0,24.0,74.5,95.0,45.0,147.5,Novice
0,27.0,71.0,70.3,34.0,93.0,Beginner
0,35.0,78.0,60.0,45.0,105.0,Beginner
1,15.5,77.4,145.0,97.5,162.5,Novice
0,30.0,67.3,95.0,55.0,132.5,Novice
1,19.0,87.6,192.5,125.0,207.5,Intermediate
0,22.5,60.2,97.5,45.0,110.0,Novice
0,67.5,82.9,80.0,27.5,102.5,Beginner
1,19.0,78.0,185.0,110.0,217.5,Intermediate
0,34.5,90.3,120.0,70.0,167.5,Intermediate
1,23.0,94.4,230.0,175.0,227.5,Intermediate
1,21.0,81.2,215.0,137.5,260.0,Advanced
1,44.0,74.8,90.0,57.5,130.0,Beginner
1,18.5,84.1,135.0,85.0,185.0,Novice
0,13.0,66.6,57.5,32.5,67.5,Beginner
1,39.0,132.6,320.0,265.0,325.0,Elite
1,27.0,172.3,285.0,165.0,305.0,Advanced
1,22.5,65.2,280.0,200.0,270.0,Elite
1,14.0,79.4,147.5,100.0,167.5,Novice
1,36.0,108.0,410.0,272.5,295.0,Elite
1,23.5,65.6,325.5,200.0,280.0,Elite
0,21.5,122.0,152.5,75.0,150.0,Intermediate
1,17.5,92.3,160.0,67.5,187.5,Novice
1,26.5,133.1,80.0,65.0,120.0,Beginner
0,33.0,55.6,130.0,120.0,180.0,Elite
1,73.5,72.0,85.0,65.0,112.5,Beginner
1,17.5,81.0,120.0,90.0,155.0,Novice
0,43.5,94.3,62.5,47.5,107.5,Beginner
1,21.5,73.6,292.5,180.0,260.0,Elite
1,29.0,89.9,170.0,132.5,197.5,Intermediate
0,44.0,66.1,75.0,37.5,77.5,Beginner
0,18.5,72.8,175.0,82.5,170.0,Advanced
1,41.0,72.1,205.0,130.0,257.5,Advanced
0,11.0,37.6,42.5,25.0,47.5,Beginner
0,24.0,73.3,70.0,32.5,97.5,Beginner
1,44.5,79.7,192.5,125.0,247.5,Intermediate
1,67.5,95.8,102.5,67.5,145.0,Beginner
1,32.0,116.5,250.0,170.0,307.5,Advanced
1,49.5,90.2,120.0,137.5,177.5,Novice
0,31.0,74.2,102.5,52.5,120.0,Novice
1,16.0,68.8,165.0,85.0,187.5,Intermediate
0,55.5,61.4,85.0,62.5,130.0,Intermediate
0,25.5,50.5,90.0,47.5,125.0,Intermediate
1,27.5,92.3,310.0,212.5,310.0,Elite
1,21.5,58.6,167.5,110.0,182.5,Advanced
0,33.0,79.0,190.0,97.5,212.5,Advanced
0,79.5,99.0,50.0,40.0,105.0,Beginner
1,12.0,47.6,43.1,22.7,49.9,Beginner
1,19.0,107.8,220.0,142.5,207.5,Intermediate
0,30.5,85.5,49.9,31.8,83.9,Beginner
0,37.0,74.5,72.5,52.5,145.0,Novice
0,21.0,74.2,150.0,72.5,200.0,Advanced
1,33.5,135.9,215.0,142.5,272.5,Intermediate
1,17.5,73.0,217.5,130.0,258.0,Advanced
1,29.0,107.6,457.5,320.0,347.5,Elite
0,25.0,51.2,57.5,37.5,92.5,Novice
0,32.0,58.9,112.5,50.0,120.0,Intermediate
0,20.5,88.1,132.5,67.5,150.0,Intermediate
1,35.0,98.0,260.0,187.5,277.5,Advanced
1,22.5,136.5,257.5,177.5,285.0,Advanced
1,26.5,117.4,250.0,162.5,300.0,Advanced
0,27.0,67.1,105.0,67.5,117.5,Novice
1,21.0,82.2,300.0,217.5,305.0,Elite
1,35.0,95.8,247.5,200.0,292.5,Advanced
1,31.0,142.1,335.0,217.5,365.0,Elite
0,44.0,57.2,50.0,37.5,85.0,Beginner
0,16.5,68.5,165.0,47.5,175.0,Intermediate
1,24.0,138.8,415.0,250.0,402.5,Elite
1,21.0,80.8,162.5,137.5,217.5,Intermediate
1,45.5,103.9,255.0,155.0,270.0,Advanced
1,23.5,82.4,215.0,157.5,237.5,Advanced
0,51.0,67.5,57.5,35.0,75.0,Beginner
1,10.0,52.0,36.3,34.0,61.2,Beginner
1,20.0,95.4,200.0,115.0,247.5,Intermediate
0,25.5,58.6,190.0,110.0,207.5,Elite
0,50.0,73.7,60.0,52.5,95.0,Beginner
1,13.5,65.3,81.7,52.2,95.3,Beginner
1,13.0,54.0,75.0,30.0,100.0,Beginner
1,32.0,99.8,325.0,245.0,337.5,Elite
0,38.0,95.3,95.0,57.5,125.0,Novice
1,22.0,113.6,330.0,195.0,337.5,Elite
0,54.5,101.0,65.0,40.0,97.5,Beginner
1,30.0,131.1,299.4,199.6,281.2,Advanced
1,16.5,86.4,65.0,47.5,147.5,Beginner
1,30.0,90.0,325.0,205.0,292.5,Elite
1,31.0,109.1,250.0,172.5,267.5,Advanced
0,61.0,72.3,55.0,37.5,97.5,Beginner
1,18.5,89.4,162.5,97.5,157.5,Novice
1,28.5,79.2,190.0,132.5,235.0,Intermediate
1,23.0,78.2,150.0,110.0,185.0,Intermediate
0,18.5,99.3,80.0,42.5,95.0,Beginner
0,19.5,62.9,75.0,55.0,117.5,Novice
0,16.5,57.0,77.5,42.5,100.0,Novice
1,28.5,65.7,225.0,145.0,240.0,Advanced
1,37.5,159.7,340.0,282.5,330.0,Elite
1,33.5,82.0,152.5,110.0,180.0,Novice
1,26.0,97.1,362.9,238.1,263.1,Elite
0,31.0,66.2,112.5,75.0,137.5,Intermediate
1,45.0,80.4,155.0,100.0,175.5,Novice
1,20.0,73.4,167.5,120.0,195.0,Intermediate
1,36.0,67.2,260.0,177.5,235.0,Elite
0,34.5,66.2,75.0,37.5,80.0,Beginner
0,15.5,62.9,95.0,50.0,120.0,Novice
1,21.5,82.1,245.0,145.0,260.0,Advanced
1,51.0,123.6,140.0,210.5,235.0,Intermediate
1,26.0,90.0,275.0,210.0,335.0,Elite
1,18.5,65.4,187.5,125.0,185.0,Intermediate
0,14.5,79.8,132.5,67.5,125.0,Novice
1,14.5,97.3,117.5,57.5,137.5,Beginner
1,32.0,78.9,295.0,182.5,302.5,Elite
1,17.5,80.8,160.0,97.5,200.0,Intermediate
1,24.0,80.9,202.5,142.5,247.0,Advanced
1,24.5,83.0,212.5,165.0,237.5,Advanced
1,23.5,91.8,237.5,160.0,272.5,Advanced
1,47.0,118.2,235.0,165.0,240.0,Intermediate
1,26.0,82.4,290.0,227.5,307.5,Elite
1,59.0,75.0,85.0,62.5,120.0,Beginner
1,15.5,98.2,183.7,117.9,208.7,Intermediate
1,20.5,127.3,260.0,177.5,265.0,Intermediate
1,23.5,74.0,207.5,132.5,220.0,Advanced
0,34.0,77.2,100.0,70.0,120.0,Novice
1,33.0,119.2,227.5,172.5,245.0,Intermediate
1,46.0,88.8,170.0,130.0,215.0,Intermediate
0,40.0,98.6,110.0,90.0,157.5,Novice
1,19.0,64.9,177.5,115.0,220.0,Advanced
1,19.5,58.7,162.5,125.0,187.5,Advanced
1,26.5,104.8,272.5,252.5,247.5,Advanced
1,16.5,87.7,70.0,57.5,112.5,Beginner
1,29.0,95.5,227.5,170.0,247.5,Advanced
1,19.0,79.2,125.0,87.5,167.5,Novice
1,21.0,95.2,232.5,165.0,247.5,Advanced
0,29.0,79.5,155.0,90.0,202.5,Advanced
1,75.5,81.8,80.0,91.0,120.0,Beginner
0,38.5,92.0,110.0,50.0,137.5,Novice
0,24.0,66.4,172.5,85.0,177.5,Advanced
0,41.0,67.2,157.5,105.0,150.0,Advanced
1,28.0,89.6,265.0,155.0,250.0,Advanced
1,24.0,108.7,322.5,192.5,340.0,Elite
1,18.0,71.2,130.0,100.0,150.0,Novice
0,37.0,100.0,132.5,60.0,135.0,Novice
1,23.5,109.6,300.0,240.0,322.5,Elite
0,61.0,75.0,37.5,37.5,95.0,Beginner
1,36.0,96.7,272.5,205.0,282.5,Advanced
1,11.5,64.4,75.0,40.0,92.5,Beginner
1,24.5,104.4,375.0,262.5,325.0,Elite
1,30.5,182.8,467.5,237.5,377.5,Elite
0,65.0,65.2,50.0,27.5,77.5,Beginner
1,22.0,96.8,62.5,132.5,62.5,Beginner
0,33.0,74.4,68.0,36.3,93.0,Beginner
1,20.0,81.2,150.0,115.0,200.0,Intermediate
1,22.0,87.2,220.0,160.0,260.0,Advanced
0,20.5,62.2,147.5,70.0,180.0,Advanced
1,56.0,127.1,277.5,150.0,250.0,Intermediate
1,23.0,74.2,200.0,132.5,232.5,Advanced
1,64.0,109.3,125.0,115.0,182.5,Novice
1,26.5,138.0,275.0,160.0,300.0,Advanced
0,46.0,89.6,62.5,37.5,102.5,Beginner
1,49.0,88.6,240.0,157.5,230.0,Advanced
1,22.0,67.4,172.5,110.0,222.5,Intermediate
0,52.5,73.3,67.5,32.5,112.5,Novice
0,13.0,45.8,55.0,37.5,85.0,Novice
1,18.5,80.1,132.5,85.0,155.0,Novice
1,32.0,151.2,272.5,212.5,272.5,Advanced
1,19.5,89.8,150.0,100.0,195.0,Novice
0,38.5,71.3,235.0,145.0,240.0,Elite
0,31.5,103.6,110.0,70.0,135.0,Novice
0,21.5,65.3,107.5,52.5,122.5,Novice
0,22.0,50.7,55.0,27.5,57.5,Beginner
0,16.5,58.7,90.0,50.0,92.5,Novice
1,38.5,88.6,205.0,140.0,225.0,Intermediate
1,32.0,109.1,200.0,115.0,230.0,Intermediate
1,23.0,75.0,252.5,192.5,270.0,Elite
1,18.0,94.9,167.5,125.0,172.5,Novice
0,27.5,71.0,222.5,127.5,200.0,Elite
0,17.0,100.2,45.0,67.5,100.0,Beginner
0,24.5,89.9,137.5,70.0,147.5,Intermediate
0,37.5,69.0,177.5,110.0,235.0,Elite
1,17.5,65.4,195.0,102.5,221.5,Advanced
1,45.5,82.6,317.5,190.0,267.5,Elite
1,16.0,58.1,52.5,52.5,77.5,Beginner
0,30.5,72.0,105.0,67.5,132.5,Novice
1,17.5,113.4,102.5,95.0,142.5,Beginner
1,21.0,99.2,300.0,152.5,317.5,Advanced
0,18.5,71.0,90.0,55.0,117.5,Novice
0,48.0,58.2,105.0,70.0,125.0,Intermediate
1,23.0,79.8,185.0,147.5,187.5,Intermediate
0,20.5,77.3,67.5,40.0,95.0,Beginner
1,39.0,107.1,327.5,247.5,287.5,Elite
1,15.0,74.9,55.0,80.0,60.0,Beginner
1,23.5,81.7,145.0,122.5,212.5,Intermediate
1,34.5,82.2,269.9,174.6,258.6,Advanced
0,21.0,50.6,105.0,52.5,127.5,Intermediate
0,21.0,112.4,70.0,82.5,167.5,Novice
1,15.0,75.0,93.0,68.0,111.1,Beginner
0,18.5,49.2,42.5,25.0,60.0,Beginner
1,48.0,81.9,185.5,137.5,225.0,Intermediate
1,80.0,71.8,57.5,57.5,125.0,Beginner
0,28.5,60.4,97.5,60.0,112.5,Novice
0,19.5,82.0,240.0,160.0,192.5,Elite
0,21.0,66.5,110.0,55.0,112.5,Novice
1,23.0,81.6,320.0,242.5,337.5,Elite
1,26.0,89.6,255.0,192.5,262.5,Advanced
1,20.0,66.2,125.0,82.5,152.5,Novice
1,25.0,71.6,297.1,206.4,238.1,Elite
1,31.5,101.5,207.5,142.5,227.5,Intermediate
0,58.0,96.2,112.5,60.0,140.0,Novice
1,15.5,93.0,130.0,97.5,177.5,Novice
1,22.5,93.0,315.0,230.0,260.0,Elite
1,45.5,103.4,180.0,100.0,210.0,Novice
0,32.5,68.8,92.5,50.0,97.5,Novice
1,63.5,120.4,75.0,45.0,102.5,Beginner
0,34.5,64.9,57.5,35.0,92.5,Beginner
1,22.0,74.7,145.0,82.5,182.5,Novice
1,39.0,79.0,30.0,80.0,85.0,Beginner
1,29.0,159.5,400.0,165.0,362.5,Elite
1,28.5,104.3,331.5,224.0,330.0,Elite
1,48.0,155.2,272.5,237.5,277.5,Advanced
1,32.0,105.3,320.0,222.5,300.0,Elite
0,42.5,69.4,40.0,42.5,57.5,Beginner
1,13.0,70.7,90.0,52.5,115.0,Beginner
1,22.5,82.7,182.5,107.5,227.5,Intermediate
0,42.0,80.8,62.5,52.5,85.0,Beginner
0,21.5,64.4,92.5,42.5,95.0,Novice
0,51.0,54.8,155.0,110.0,155.0,Elite
1,32.0,135.2,410.0,320.0,280.0,Elite
1,24.0,90.0,215.0,160.0,262.5,Advanced
0,26.5,62.8,100.0,42.5,132.5,Novice
0,36.5,51.8,142.5,72.5,152.5,Advanced
1,13.5,83.0,75.0,50.0,100.0,Beginner
0,40.5,56.4,165.0,95.0,180.0,Elite
0,14.5,121.6,145.0,92.5,132.5,Novice
1,26.5,65.1,137.5,100.0,207.5,Intermediate
0,31.0,79.0,115.0,62.5,150.0,Intermediate
0,24.0,59.0,120.0,52.5,145.0,Intermediate
1,15.0,57.2,92.5,75.0,50.0,Beginner
0,35.5,56.8,115.0,60.0,130.0,Intermediate
0,36.0,84.3,70.0,45.0,70.0,Beginner
1,16.5,65.8,85.0,60.0,100.0,Beginner
1,71.5,86.8,72.5,62.5,125.0,Beginner
1,28.0,150.3,372.5,252.5,372.5,Elite
0,47.5,70.2,57.5,37.5,92.5,Beginner
0,18.0,48.0,125.0,92.5,165.0,Elite
0,25.5,91.0,197.5,105.0,195.0,Advanced
1,20.5,96.9,112.5,70.0,130.0,Beginner
0,50.0,86.2,68.0,45.4,95.2,Beginner
0,24.5,61.9,102.5,62.5,117.5,Intermediate
1,68.0,74.1,100.0,77.5,92.5,Beginner
0,36.5,82.0,70.0,50.0,85.0,Beginner
1,20.5,72.3,132.5,87.5,160.0,Novice
1,23.5,140.6,320.0,210.0,312.5,Advanced
0,42.5,82.6,240.0,188.0,212.5,Elite
1,21.5,65.4,317.5,185.0,215.0,Elite
0,37.0,93.8,80.0,52.5,105.0,Novice
0,14.0,71.3,95.0,47.5,117.5,Novice
1,18.0,95.0,177.5,120.0,227.5,Intermediate
0,39.0,78.2,170.0,87.5,190.0,Advanced
0,44.0,84.3,67.5,52.5,100.0,Beginner
1,43.0,88.0,252.5,175.0,250.0,Advanced
1,33.0,136.5,305.0,187.5,295.0,Advanced
0,12.5,46.6,45.0,30.0,67.5,Beginner
1,25.0,74.4,222.5,105.0,227.5,Intermediate
1,17.5,65.0,270.0,147.5,217.5,Elite
0,30.5,77.0,95.0,47.5,120.0,Novice
0,42.0,80.8,87.5,55.0,117.5,Novice
0,20.5,61.6,140.0,65.0,157.5,Intermediate
1,25.0,124.1,340.0,227.5,390.0,Elite
1,22.5,46.1,80.0,55.0,120.0,Novice
1,36.0,93.5,220.0,127.5,235.0,Intermediate
1,19.5,72.6,205.0,107.5,215.0,Intermediate
1,21.5,138.2,425.0,282.5,322.5,Elite
0,35.5,46.6,70.0,45.0,105.0,Novice
0,20.5,70.9,62.5,40.0,75.0,Beginner
0,39.0,85.9,75.0,40.0,100.0,Beginner
1,28.0,106.1,424.1,65.8,342.5,Advanced
0,14.5,50.2,40.0,27.5,70.0,Beginner
0,24.0,89.9,92.5,55.0,110.0,Novice
1,40.0,97.0,142.5,100.0,180.0,Novice
1,54.0,122.7,245.0,215.0,180.0,Intermediate
1,79.5,79.5,92.5,62.5,130.0,Beginner
1,74.0,92.3,99.8,72.6,136.1,Beginner
1,30.0,109.6,382.5,235.0,367.5,Elite
0,38.0,49.8,150.0,80.0,182.5,Elite
1,18.5,64.7,125.0,55.0,125.0,Novice
1,28.0,99.0,322.5,192.5,377.5,Elite
0,22.0,81.6,145.0,82.5,157.5,Intermediate
0,14.5,82.0,92.5,42.5,90.0,Novice
1,15.5,82.1,105.0,72.5,110.0,Beginner
1,29.5,89.6,307.5,210.0,265.0,Elite
0,44.5,78.7,62.5,40.0,85.0,Beginner
0,25.5,128.1,260.0,201.5,200.0,Elite
1,31.5,106.4,150.0,145.0,235.0,Intermediate
1,32.5,114.6,227.5,190.0,272.5,Advanced
1,26.5,102.2,337.5,210.0,347.5,Elite
0,43.5,95.3,67.5,62.5,87.5,Beginner
0,29.0,65.0,60.0,37.5,82.5,Beginner
1,34.5,88.9,205.0,132.5,230.0,Intermediate
1,32.5,73.9,295.0,205.0,240.0,Elite
0,27.0,60.0,132.5,77.5,155.0,Advanced
0,22.5,123.8,195.0,142.5,180.0,Advanced
1,34.5,101.2,190.0,145.0,237.5,Intermediate
0,37.0,93.9,82.5,47.5,97.5,Beginner
1,22.5,91.8,250.0,172.5,270.0,Advanced
1,67.0,103.0,152.5,125.0,160.0,Novice
1,18.5,65.6,182.5,115.0,185.0,Intermediate
0,16.5,99.4,145.0,65.0,150.0,Intermediate
1,51.0,98.7,320.0,240.0,275.0,Elite
1,63.5,65.6,165.0,77.5,172.5,Intermediate
1,65.0,80.2,100.0,90.0,175.0,Novice
1,30.5,114.7,165.0,155.0,250.0,Intermediate
1,22.0,76.3,155.0,102.5,220.0,Intermediate
0,59.0,59.2,57.5,35.0,82.5,Beginner
1,21.0,107.0,160.0,117.5,215.0,Novice
1,25.5,82.4,345.0,245.0,315.0,Elite
1,20.0,88.0,227.5,155.0,240.0,Advanced
0,36.5,70.4,117.5,60.0,142.5,Intermediate
0,35.5,54.5,160.0,90.0,167.5,Elite
0,37.0,103.9,77.5,40.0,97.5,Beginner
1,21.5,82.1,165.0,90.0,202.5,Intermediate
0,31.0,59.9,145.0,75.0,162.5,Advanced
1,20.0,67.4,265.0,175.0,265.0,Elite
0,33.0,60.0,115.0,62.5,160.0,Intermediate
1,32.0,74.3,147.5,80.0,157.5,Novice
0,50.0,107.2,70.0,55.0,105.0,Beginner
0,27.0,81.2,130.0,60.0,130.0,Novice
1,12.5,48.0,47.5,37.5,95.0,Beginner
1,27.0,139.0,250.0,190.0,227.5,Intermediate
0,31.5,45.6,200.0,97.5,186.0,Elite
1,23.0,123.4,365.0,192.5,320.0,Elite
1,22.0,76.9,182.5,122.5,227.5,Intermediate
1,21.0,90.8,210.0,120.0,225.0,Intermediate
0,66.5,84.7,75.0,25.0,102.5,Beginner
0,19.5,62.1,125.0,82.5,147.5,Intermediate
1,24.5,81.8,250.0,155.0,287.5,Advanced
1,13.0,69.2,77.5,32.5,92.5,Beginner
1,25.0,98.6,142.5,107.5,195.0,Novice
1,36.5,92.9,355.0,230.0,330.0,Elite
1,33.0,115.0,260.0,192.5,337.5,Advanced
0,21.5,60.6,90.0,50.0,125.0,Novice
1,33.5,124.2,295.0,202.5,240.0,Advanced
1,38.5,101.6,200.0,120.0,230.0,Intermediate
0,19.5,62.7,190.0,117.5,185.0,Elite
1,38.0,99.3,175.0,152.5,205.0,Intermediate
1,29.0,82.5,235.0,175.0,227.5,Advanced
0,42.5,114.4,77.5,62.5,117.5,Novice
0,13.5,93.5,52.5,45.0,100.0,Beginner
1,22.0,79.3,115.0,110.0,170.0,Novice
0,27.5,60.4,220.0,142.5,225.0,Elite
0,28.0,68.5,108.9,52.2,127.0,Novice
0,47.5,77.7,55.0,52.5,115.0,Novice
0,29.0,65.6,92.5,55.0,130.0,Novice
0,47.0,116.1,75.0,40.0,110.0,Beginner
0,22.5,51.0,110.0,72.5,157.5,Advanced
1,33.0,142.4,417.5,320.0,275.0,Elite
1,17.5,71.6,230.0,150.0,210.0,Advanced
1,15.5,52.0,195.0,117.5,205.0,Elite
0,16.0,74.8,75.0,40.0,92.5,Beginner
1,21.5,82.2,235.0,152.5,277.5,Advanced
1,29.0,99.4,245.0,205.0,262.5,Advanced
1,48.0,74.0,136.1,113.4,172.4,Intermediate
1,27.0,97.4,310.0,212.5,270.0,Advanced
0,24.5,63.0,47.5,40.0,82.5,Beginner
1,22.5,92.9,325.0,207.5,357.5,Elite
0,35.5,66.4,165.0,97.5,222.5,Elite
1,19.0,121.6,202.5,150.0,197.5,Intermediate
1,58.5,90.2,130.0,112.5,195.0,Novice
1,27.0,66.2,162.5,105.0,192.5,Intermediate
0,22.5,57.9,167.5,107.5,167.5,Elite
1,63.0,108.0,190.5,110.0,205.0,Novice
0,20.0,73.1,75.0,52.5,110.0,Novice
1,27.0,73.9,160.0,97.5,212.5,Intermediate
0,25.0,74.3,100.0,52.5,132.5,Novice
0,38.0,55.3,107.5,52.5,120.0,Intermediate
1,45.5,98.3,262.5,180.0,260.0,Advanced
1,36.5,117.0,345.0,270.0,290.0,Elite
1,25.0,97.2,227.5,115.0,237.5,Intermediate
0,62.0,96.6,47.5,42.5,85.0,Beginner
1,27.0,81.4,185.0,115.0,227.5,Intermediate
1,33.5,83.4,232.5,137.5,285.0,Advanced
0,69.5,61.7,115.0,52.5,132.5,Intermediate
0,62.0,96.0,47.5,40.0,80.0,Beginner
1,56.0,107.3,210.0,130.0,260.0,Intermediate
1,23.0,80.7,190.0,140.0,210.0,Intermediate
1,17.5,55.0,92.5,42.5,97.5,Novice
1,25.0,95.7,82.5,115.0,77.5,Beginner
1,22.5,76.6,170.0,115.0,217.5,Intermediate
1,24.5,92.1,247.5,150.0,305.0,Advanced
1,40.5,92.9,227.5,125.0,227.5,Intermediate
1,47.0,101.3,192.5,180.0,202.5,Intermediate
1,69.0,87.3,40.0,142.5,92.5,Beginner
1,25.0,188.7,365.0,252.5,400.0,Elite
0,49.0,83.2,205.0,92.5,225.0,Advanced
0,39.0,70.0,142.9,81.6,142.9,Intermediate
1,25.5,164.5,225.0,192.5,245.0,Intermediate
1,29.5,59.7,245.0,150.0,242.5,Elite
0,19.5,49.8,30.0,32.5,77.5,Beginner
1,15.0,59.3,150.0,110.0,215.0,Advanced
0,48.0,46.9,160.0,95.0,140.0,Elite
1,36.0,136.5,113.4,65.8,111.1,Beginner
1,35.0,118.9,315.0,232.5,352.5,Elite
0,34.5,62.5,190.0,90.0,190.0,Elite
1,28.0,94.3,142.5,115.0,195.0,Novice
1,24.0,111.4,270.0,197.5,282.5,Advanced
0,25.5,82.8,175.0,120.0,160.0,Advanced
1,29.5,118.7,237.5,162.5,272.5,Intermediate
1,26.5,67.3,316.0,215.0,300.0,Elite
1,51.0,74.8,132.5,102.5,157.5,Novice
1,36.0,122.7,325.0,207.5,302.5,Advanced
0,29.0,73.0,117.5,62.5,125.0,Novice
1,15.0,52.0,52.2,45.4,90.7,Beginner
1,54.0,96.8,115.0,110.0,147.5,Novice
0,64.0,94.8,62.5,45.0,107.5,Beginner
1,32.0,131.8,447.5,287.5,352.5,Elite
1,36.0,81.2,190.0,122.5,232.5,Intermediate
0,20.0,81.2,150.0,75.0,172.5,Intermediate
1,29.0,99.4,230.0,175.0,277.5,Advanced
0,18.5,57.4,85.0,42.5,97.5,Novice
1,25.0,97.5,312.5,182.5,275.0,Advanced
1,25.5,90.8,195.0,115.0,255.0,Intermediate
0,44.0,71.1,90.0,60.0,127.5,Novice
1,33.0,98.3,142.5,115.0,227.5,Novice
0,18.5,67.2,95.0,52.5,127.5,Novice
1,15.0,73.1,97.5,54.4,97.5,Beginner
1,25.0,81.3,197.5,102.5,242.5,Intermediate
0,13.5,58.0,47.5,37.5,65.0,Beginner
1,29.5,102.9,247.2,161.0,256.3,Advanced
1,27.5,80.2,185.0,130.0,205.0,Intermediate
1,24.5,82.2,317.5,207.5,285.0,Elite
0,17.0,77.5,100.0,62.5,130.0,Novice
1,44.5,92.4,275.0,120.0,267.5,Advanced
1,39.0,111.7,145.0,130.0,207.5,Novice
1,19.0,93.0,204.1,127.0,247.2,Intermediate
1,26.5,73.6,212.5,117.5,247.5,Advanced
1,15.0,52.0,52.2,38.6,65.8,Beginner
1,18.5,86.5,260.0,172.5,235.0,Advanced
0,48.5,101.5,150.0,117.5,162.5,Intermediate
1,40.0,139.4,190.0,135.0,197.5,Novice
0,33.5,159.3,82.5,55.0,112.5,Beginner
0,18.5,57.0,145.0,77.5,155.0,Advanced
0,15.5,61.6,115.0,55.0,125.0,Intermediate
1,24.0,86.2,170.0,107.5,220.0,Intermediate
1,24.0,71.3,152.5,110.0,160.0,Intermediate
0,32.0,66.2,100.0,52.5,127.5,Novice
1,35.0,124.8,330.0,230.0,360.0,Elite
0,30.5,71.0,61.2,43.1,61.2,Beginner
1,54.0,77.4,60.0,112.5,80.0,Beginner
0,32.5,62.4,145.5,77.5,170.0,Advanced
1,24.0,107.4,272.5,182.5,295.0,Advanced
0,25.5,51.6,172.5,97.5,167.5,Elite
0,53.0,79.9,52.5,42.5,92.5,Beginner
0,28.5,83.8,185.0,130.0,192.5,Advanced
1,28.0,88.9,235.0,157.5,255.0,Advanced
0,42.5,47.5,167.8,95.2,161.0,Elite
1,36.5,138.2,410.0,237.5,322.5,Elite
1,31.0,65.7,177.5,107.5,200.0,Intermediate
0,46.0,73.6,32.5,30.0,82.5,Beginner
1,39.0,88.4,135.0,117.5,160.0,Novice
0,19.5,93.4,112.5,52.5,152.5,Novice
1,26.5,105.1,300.0,200.0,420.0,Elite
1,37.5,98.9,330.0,190.0,300.0,Elite
1,31.0,124.0,340.0,230.0,320.0,Elite
0,31.0,62.5,80.0,50.0,122.5,Novice
1,23.0,81.9,227.5,135.0,240.0,Advanced
1,17.0,107.6,122.5,70.0,172.5,Novice
0,52.5,66.2,60.0,45.0,82.5,Beginner
1,17.5,92.0,242.5,167.5,237.5,Advanced
1,10.0,41.4,47.5,25.0,70.0,Beginner
1,49.5,149.1,330.0,263.5,290.0,Advanced
1,15.0,74.8,117.5,90.0,140.0,Novice
1,35.5,71.4,180.0,125.0,210.0,Intermediate
1,49.0,122.0,385.0,242.5,310.0,Elite
0,18.5,54.8,142.9,56.7,136.1,Advanced
1,30.5,109.4,350.0,220.0,342.5,Elite
1,23.0,98.5,262.5,157.5,290.0,Advanced
1,28.0,107.0,345.0,197.5,310.0,Elite
0,39.0,77.5,30.0,42.5,97.5,Beginner
0,37.0,74.9,140.0,67.5,150.0,Intermediate
1,74.0,105.6,70.0,100.0,147.5,Beginner
1,12.0,41.5,32.5,27.5,52.5,Beginner
0,55.0,64.3,70.0,52.5,115.0,Novice
1,42.0,109.0,285.0,320.0,285.0,Elite
0,42.0,104.3,67.5,52.5,110.0,Beginner
0,12.5,36.1,40.0,25.0,60.0,Beginner
1,33.0,80.3,170.0,117.5,217.5,Intermediate
1,22.0,121.6,275.0,190.0,310.0,Advanced
1,21.5,90.6,165.0,110.0,175.0,Novice
0,29.5,51.7,185.0,112.5,170.0,Elite
1,27.0,156.3,410.0,255.0,320.0,Elite
1,36.0,98.8,242.5,157.5,245.0,Intermediate
1,45.5,73.9,300.0,207.5,245.0,Elite
0,26.5,54.8,122.5,65.0,145.0,Intermediate
0,33.5,45.4,182.5,110.0,160.0,Elite
1,17.5,70.3,257.5,165.0,260.0,Elite
1,19.0,89.9,265.0,165.0,272.5,Advanced
1,24.5,105.4,340.0,222.5,287.5,Elite
1,57.0,95.6,305.0,200.0,320.0,Elite
1,40.5,101.5,190.0,165.0,212.5,Intermediate
0,26.0,96.7,72.5,50.0,105.0,Beginner
1,31.0,143.5,327.5,162.5,282.5,Advanced
1,23.0,122.2,275.0,177.5,297.5,Advanced
1,24.5,91.0,210.0,117.5,235.0,Intermediate
1,32.5,58.8,222.5,140.0,225.0,Elite
1,32.0,66.8,122.5,120.0,170.0,Intermediate
0,39.0,60.0,137.5,100.0,150.0,Advanced
0,12.5,48.7,50.0,35.0,67.5,Beginner
0,36.0,74.8,225.0,142.5,230.0,Elite
0,30.0,69.6,85.0,45.0,105.0,Novice
1,33.0,89.0,262.5,165.0,265.0,Advanced
1,37.5,118.6,335.0,245.0,330.0,Elite
0,18.0,94.1,75.0,47.5,97.5,Beginner
0,26.0,82.5,117.5,57.5,147.5,Novice
0,25.5,55.4,160.0,95.0,177.5,Elite
1,26.5,91.2,247.5,157.5,282.5,Advanced
1,18.5,58.4,65.0,65.0,65.0,Beginner
1,20.0,95.7,105.0,130.0,82.5,Beginner
1,30.0,71.9,105.0,67.5,132.5,Novice
1,45.0,122.0,380.0,320.0,307.5,Elite
0,65.0,70.4,55.0,32.5,80.0,Beginner
0,34.5,48.0,165.0,97.5,162.5,Elite
1,27.5,119.8,310.0,215.0,290.0,Advanced
1,14.5,103.2,105.0,67.5,122.5,Beginner
1,35.0,96.0,240.0,170.0,275.0,Advanced
0,41.0,59.9,215.0,117.5,217.5,Elite
1,24.5,81.1,217.5,150.0,247.5,Advanced
0,46.0,105.1,95.0,101.0,151.0,Novice
0,56.0,101.8,87.5,40.0,102.5,Beginner
0,22.0,80.1,142.5,75.0,155.0,Intermediate
1,20.0,99.0,342.5,192.5,290.0,Elite
1,21.5,92.5,187.5,115.0,200.0,Intermediate
1,30.0,75.0,262.5,177.5,297.5,Elite
1,23.5,102.5,180.0,125.0,227.5,Intermediate
0,38.0,74.2,115.0,60.0,137.5,Novice
0,22.0,65.7,202.5,100.0,215.0,Elite
0,61.0,72.5,55.0,40.0,102.5,Beginner
0,35.0,81.5,70.0,42.5,90.0,Beginner
0,17.0,64.2,85.0,52.5,122.5,Novice
1,28.0,98.2,205.0,115.0,215.0,Intermediate
1,46.0,82.4,340.2,215.5,272.2,Elite
1,26.5,147.0,410.0,345.0,357.5,Elite
0,23.5,55.9,102.5,50.0,95.0,Novice
1,30.0,117.6,277.5,192.5,277.5,Advanced
1,18.5,72.5,135.0,77.5,147.5,Novice
0,31.0,59.9,155.0,97.5,225.0,Elite
1,26.0,80.4,204.1,152.0,240.4,Advanced
0,64.5,53.4,52.5,40.0,65.0,Beginner
0,14.5,46.6,67.5,40.0,95.0,Novice
1,21.5,83.9,227.5,155.0,222.5,Advanced
0,21.5,86.3,227.5,157.5,215.0,Elite
1,52.5,102.2,210.0,165.0,232.5,Intermediate
0,69.5,61.5,67.5,47.5,115.0,Novice
1,75.5,85.1,110.0,47.5,126.0,Beginner
1,45.0,127.7,265.0,222.5,310.0,Advanced
0,19.5,51.6,152.5,95.0,152.5,Elite
1,18.5,57.2,130.0,82.5,185.0,Intermediate
0,53.0,74.2,47.5,38.0,93.0,Beginner
1,42.5,82.6,165.0,135.0,190.0,Intermediate
1,39.0,98.6,245.0,162.5,255.0,Advanced
0,17.0,55.6,55.0,30.0,62.5,Beginner
0,53.0,63.2,122.5,70.0,127.5,Intermediate
1,14.0,49.6,52.5,35.0,87.5,Beginner
0,12.5,36.3,32.5,27.5,60.0,Beginner
1,29.0,126.9,350.0,235.0,337.5,Elite
0,17.0,67.2,92.5,62.5,125.0,Novice
0,30.0,58.2,55.0,40.0,80.0,Beginner
1,23.5,58.9,260.0,147.5,250.0,Elite
1,80.0,98.9,100.0,82.5,135.0,Beginner
1,26.0,99.0,197.5,127.5,242.5,Intermediate
0,70.5,64.4,40.0,32.5,82.5,Beginner
1,43.0,121.2,385.0,272.5,250.0,Elite
1,40.5,70.2,305.0,180.0,305.0,Elite
1,18.5,76.8,205.0,137.5,237.5,Advanced
0,20.5,68.7,80.0,47.5,122.5,Novice
1,38.5,73.3,367.5,217.5,320.0,Elite
1,20.0,66.2,145.0,105.0,215.0,Intermediate
1,24.5,70.1,25.0,20.4,34.0,Beginner
1,24.0,85.2,200.0,142.5,255.0,Intermediate
1,17.5,89.1,90.0,57.5,122.5,Beginner
0,72.0,58.4,52.5,32.5,70.0,Beginner
0,31.5,83.0,145.0,82.5,172.5,Intermediate
0,23.5,56.7,180.0,87.5,165.0,Elite
1,38.0,82.2,265.0,165.0,242.5,Advanced
1,33.5,130.3,390.0,287.5,290.0,Elite
1,30.5,62.5,275.0,205.0,285.0,Elite
1,25.5,73.2,277.5,172.5,275.0,Elite
1,18.0,70.3,127.5,70.0,162.5,Novice
1,41.0,109.6,260.0,203.0,280.0,Advanced
1,32.0,125.0,305.0,227.5,375.0,Elite
1,18.5,78.4,180.0,112.5,187.5,Intermediate
1,27.5,90.4,290.0,220.0,287.5,Elite
1,34.0,142.9,420.0,320.0,315.0,Elite
1,30.0,109.1,285.0,232.5,332.5,Elite
0,31.5,54.8,87.5,50.0,110.0,Novice
0,17.5,75.0,155.0,70.0,145.0,Intermediate
1,24.0,66.0,145.0,107.5,167.5,Intermediate
1,37.0,124.4,392.5,242.5,272.5,Elite
1,28.0,99.4,250.0,150.0,290.0,Advanced
1,35.0,109.9,195.0,167.5,250.0,Intermediate
1,34.0,73.7,180.0,120.0,242.5,Intermediate
1,32.0,108.9,365.0,227.5,322.5,Elite
1,32.0,137.0,327.5,245.0,320.0,Elite
1,31.5,65.8,257.5,155.0,280.0,Elite
1,26.5,65.2,265.0,210.0,250.0,Elite
1,27.0,100.0,330.0,207.5,355.0,Elite
1,35.0,80.2,157.5,115.0,210.0,Intermediate
0,23.0,56.0,82.5,47.5,135.0,Intermediate
1,41.0,160.0,327.5,212.5,280.0,Advanced
1,23.0,88.0,142.5,85.0,195.0,Novice
1,20.5,81.8,225.0,145.0,220.0,Intermediate
0,25.0,67.2,77.5,42.5,100.0,Novice
1,30.0,127.4,250.0,210.0,310.0,Advanced
1,43.0,88.2,290.0,207.5,285.0,Elite
1,48.0,93.8,237.5,180.0,282.5,Advanced
1,63.5,84.4,172.5,85.0,192.5,Novice
1,25.0,80.3,256.3,142.9,235.9,Advanced
0,24.5,54.2,80.0,45.0,102.5,Novice
1,27.5,119.6,277.5,172.5,280.0,Advanced
1,29.0,66.7,130.0,100.0,165.0,Intermediate
0,31.5,62.2,182.5,125.0,182.5,Elite
1,21.5,89.2,162.5,95.0,172.5,Novice
1,66.0,72.1,42.5,62.5,72.5,Beginner
0,25.0,82.4,155.0,97.5,197.5,Advanced
1,51.0,79.8,140.0,110.0,162.5,Novice
1,31.0,122.8,335.0,242.5,340.0,Elite
0,20.5,55.0,97.5,65.0,120.0,Intermediate
1,44.0,107.7,220.0,137.5,207.5,Intermediate
1,24.0,88.0,227.5,132.5,215.0,Intermediate
1,30.5,129.6,275.0,205.0,267.5,Advanced
0,13.5,116.9,40.8,40.8,79.4,Beginner
0,21.0,71.0,100.0,52.5,135.0,Novice
1,26.0,122.6,235.0,177.5,247.5,Intermediate
1,23.0,97.7,227.5,145.0,202.5,Intermediate
1,40.0,79.8,158.8,111.1,29.5,Novice
1,24.0,88.9,205.0,137.5,250.0,Intermediate
1,23.5,115.7,367.5,245.0,300.0,Elite
1,32.0,58.7,232.5,122.5,265.0,Elite
1,27.0,109.6,325.0,210.0,300.0,Advanced
1,19.0,85.3,195.0,125.0,215.0,Intermediate
1,39.0,85.2,160.0,155.0,220.0,Intermediate
0,16.0,180.4,202.5,137.5,230.0,Advanced
1,31.5,101.8,222.5,165.0,257.5,Intermediate
0,23.0,52.0,92.5,52.5,112.5,Intermediate
1,22.0,102.3,75.0,25.0,75.0,Beginner
1,30.0,98.5,155.0,125.0,215.0,Intermediate
0,58.0,53.9,65.0,42.5,90.0,Novice
0,34.0,81.8,112.5,60.0,125.0,Novice
0,18.5,71.4,185.0,132.5,175.0,Advanced
1,23.0,89.4,255.0,165.0,277.5,Advanced
1,20.0,108.0,272.2,204.1,308.4,Advanced
1,28.0,73.1,187.5,110.0,205.0,Intermediate
1,18.0,64.2,25.0,112.5,25.0,Beginner
0,43.0,148.3,95.0,65.0,95.0,Beginner
1,53.0,103.3,230.0,235.0,235.0,Advanced
0,60.0,65.6,67.5,37.5,80.0,Beginner
1,29.0,89.6,232.5,175.0,260.0,Advanced
1,67.0,110.0,85.0,75.0,120.0,Beginner
1,17.5,70.6,132.5,97.5,155.0,Novice
1,24.0,87.5,100.0,65.0,100.0,Beginner
0,35.0,116.6,135.0,72.5,160.0,Novice
0,54.0,65.2,72.5,55.0,115.0,Novice
0,13.5,48.7,75.0,37.5,87.5,Novice
0,18.5,59.2,170.1,74.8,156.5,Advanced
1,37.0,99.6,325.0,190.0,300.0,Advanced
1,22.0,107.4,230.0,165.0,275.0,Intermediate
1,22.5,119.3,285.0,167.5,285.0,Advanced
1,18.0,72.4,277.5,182.5,230.0,Elite
0,21.0,93.7,130.0,67.5,147.5,Novice
0,57.0,78.4,67.5,42.5,100.0,Beginner
1,14.0,89.7,102.5,62.5,145.0,Beginner
0,53.0,69.6,165.0,97.5,142.5,Advanced
0,20.5,71.7,195.0,115.0,170.0,Advanced
1,41.5,82.4,117.5,100.0,155.0,Novice
0,16.5,47.4,81.7,29.5,83.9,Novice
0,18.5,91.2,52.5,45.0,97.5,Beginner
1,21.5,73.7,190.0,110.0,240.0,Intermediate
1,15.0,85.9,82.5,62.5,127.5,Beginner
1,52.5,103.3,240.0,122.5,240.0,Intermediate
1,24.5,58.4,170.0,115.0,215.0,Advanced
1,18.0,178.2,260.0,152.5,250.0,Intermediate
0,25.0,103.4,115.0,55.0,140.0,Novice
0,21.5,66.1,145.0,67.5,162.5,Intermediate
1,67.0,72.5,30.0,95.0,85.0,Beginner
1,16.5,82.3,287.5,155.0,257.5,Advanced
1,29.0,99.8,365.0,262.5,265.0,Elite
0,20.0,72.5,105.0,50.0,115.0,Novice
1,27.5,103.9,355.0,237.5,305.0,Elite
0,27.0,85.8,120.0,97.5,167.5,Intermediate
1,67.0,102.0,90.0,85.0,122.5,Beginner
1,22.5,81.7,212.5,127.5,275.0,Advanced
0,33.0,72.0,52.5,40.0,80.0,Beginner
1,11.5,63.2,67.5,32.5,80.0,Beginner
0,41.5,66.0,125.0,80.0,140.0,Intermediate
1,15.0,51.7,82.5,65.0,112.5,Novice
0,22.0,55.3,107.5,62.5,137.5,Intermediate
1,22.0,79.2,212.5,130.0,260.0,Advanced
0,15.5,62.3,90.0,50.0,112.5,Novice
1,36.5,139.0,400.0,290.0,325.0,Elite
1,27.0,132.0,280.0,162.5,282.5,Advanced
1,26.5,81.7,210.0,152.5,232.5,Advanced
0,21.5,62.5,192.5,120.0,182.5,Elite
1,24.5,73.0,217.5,145.0,225.0,Advanced
1,17.0,103.8,112.5,70.0,145.0,Beginner
0,14.5,50.6,47.5,30.0,72.5,Beginner
1,26.0,116.5,212.5,180.0,272.5,Intermediate
1,40.0,163.4,152.5,95.0,192.5,Novice
1,26.0,109.2,337.5,232.5,377.5,Elite
0,38.0,51.7,155.0,82.5,172.5,Elite
0,15.5,95.3,82.5,30.0,95.0,Beginner
1,19.5,58.8,252.5,160.0,230.0,Elite
1,40.5,82.2,180.0,152.5,220.0,Intermediate
1,19.5,104.5,172.5,90.0,190.0,Novice
0,41.5,51.7,156.0,85.0,172.5,Elite
1,18.5,65.4,175.0,112.5,195.0,Intermediate
0,15.5,68.2,75.0,40.0,72.5,Beginner
0,15.5,94.4,82.5,42.5,100.0,Beginner
0,17.0,65.3,105.0,52.5,125.0,Novice
1,22.5,91.2,210.0,140.0,267.5,Intermediate
1,27.5,92.0,147.5,122.5,185.0,Novice
1,31.5,143.3,362.5,277.5,340.0,Elite
1,14.5,56.6,65.0,45.0,82.5,Beginner
1,19.0,98.0,226.8,154.2,226.8,Intermediate
0,36.0,114.0,87.5,47.5,102.5,Beginner
1,20.0,98.1,215.0,152.5,235.0,Intermediate
1,17.5,100.7,282.5,175.0,240.0,Advanced
1,39.0,98.7,207.5,162.5,260.0,Intermediate
0,23.5,101.4,257.5,170.0,220.0,Elite
1,55.5,90.6,115.0,152.5,175.0,Novice
1,21.5,58.3,217.5,120.0,242.5,Elite
1,35.0,86.8,225.0,135.0,225.0,Intermediate
1,33.0,117.4,302.5,195.0,340.0,Advanced
0,58.0,70.9,52.5,42.5,80.0,Beginner
1,33.0,98.2,242.7,208.6,256.3,Advanced
1,67.0,105.3,210.0,160.0,210.0,Intermediate
1,23.0,98.5,157.5,92.5,235.0,Novice
1,44.0,154.1,240.0,240.0,320.0,Advanced
1,44.0,121.5,155.0,110.0,207.5,Novice
1,40.0,134.2,272.5,197.5,240.0,Intermediate
1,18.5,86.9,197.5,127.5,227.5,Intermediate
0,35.0,85.6,92.5,55.0,75.0,Beginner
1,13.0,72.0,95.0,55.0,117.5,Beginner
1,35.0,115.3,350.0,275.0,312.5,Elite
1,18.5,88.7,135.0,102.5,187.5,Novice
1,24.0,66.4,202.5,132.5,250.0,Advanced
1,74.0,113.3,87.5,95.0,140.0,Beginner
1,20.0,89.6,247.5,140.0,257.5,Advanced
0,38.5,59.8,142.5,136.5,195.0,Elite
0,33.0,95.5,107.5,65.0,157.5,Novice
0,34.5,102.8,172.5,85.0,167.5,Intermediate
0,20.5,72.1,235.0,150.0,237.5,Elite
1,64.0,81.5,137.5,87.5,142.5,Novice
1,19.0,82.7,182.5,120.0,195.0,Intermediate
0,24.5,60.0,220.0,125.0,200.0,Elite
1,16.0,74.9,52.2,56.7,95.2,Beginner
0,38.0,64.3,107.5,67.5,155.0,Intermediate
1,28.0,73.5,195.0,135.5,255.0,Advanced
1,27.0,94.8,325.0,192.5,300.0,Elite
0,17.5,80.3,60.0,40.0,75.0,Beginner
0,26.5,81.1,260.0,170.0,212.5,Elite
1,11.0,56.0,77.5,40.0,105.0,Novice
1,29.5,123.8,380.0,217.5,330.0,Elite
1,15.0,100.0,147.4,95.2,165.6,Novice
1,63.5,88.1,85.0,72.5,145.0,Beginner
0,16.5,42.2,112.5,55.0,110.0,Advanced
1,28.0,93.4,327.5,205.0,240.0,Advanced
0,27.0,59.7,145.0,122.5,155.0,Advanced
1,28.0,89.9,287.5,200.0,317.5,Elite
0,22.0,72.1,122.5,67.5,157.5,Intermediate
1,48.5,89.6,317.5,202.5,315.0,Elite
1,18.5,61.1,182.5,130.0,180.0,Advanced
